1,12/12/2019
2,01/01/2020
3,21/01/2020
4,10/02/2020
5,01/03/2020
6,21/03/2020
7,10/04/2020
8,30/04/2020
9,20/05/2020
10,09/06/2020
11,29/06/2020
12,19/07/2020
13,08/08/2020
14,28/08/2020
15,17/09/2020
16,07/10/2020
17,27/10/2020
18,16/11/2020
19,06/12/2020
20,26/12/2020
21,15/01/2021
22,04/02/2021
23,24/02/2021
24,16/03/2021
25,05/04/2021
26,25/04/2021
27,15/05/2021
28,04/06/2021
29,24/06/2021
30,14/07/2021
31,03/08/2021
32,23/08/2021
33,12/09/2021
34,02/10/2021
35,22/10/2021
36,11/11/2021
37,01/12/2021
38,21/12/2021
39,10/01/2022
40,30/01/2022
41,19/02/2022
42,11/03/2022
43,31/03/2022
44,20/04/2022
45,10/05/2022
46,30/05/2022
47,19/06/2022
48,09/07/2022
49,29/07/2022
50,18/08/2022
51,07/09/2022
52,27/09/2022
53,17/10/2022
54,06/11/2022
55,26/11/2022
56,16/12/2022
57,05/01/2023
58,25/01/2023
59,14/02/2023
60,06/03/2023
61,26/03/2023
62,15/04/2023
63,05/05/2023
64,25/05/2023
